Wavelength,Intensity
179.60018920898438,-27.23872947692871
180.3706817626953,27.26212501525879
181.14108276367188,-23.501203536987305
181.91140747070312,10.08021354675293
182.68165588378906,-8.733341217041016
183.45181274414062,-16.68085289001465
184.2218780517578,-9.205168724060059
184.99188232421875,1.94938325881958
185.7617950439453,-2.986361265182495
186.53163146972656,-9.389368057250977
187.3013916015625,8.181674003601074
188.07107543945312,7.597936630249023
188.84068298339844,-21.03627586364746
189.6102294921875,17.653629302978516
190.3796844482422,12.195651054382324
191.14907836914062,1.0009483098983765
191.91839599609375,-13.941428184509277
192.68765258789062,3.1403768062591553
193.45681762695312,15.446560859680176
194.22593688964844,7.211434841156006
194.99497985839844,-8.21192741394043
195.76394653320312,-0.8417176604270935
196.53286743164062,-1.8442081212997437
197.3017120361328,-0.1659078747034073
198.0704803466797,-18.312862396240234
198.83920288085938,17.507658004760742
199.6078643798828,-31.422563552856445
200.37644958496094,-1.6356556415557861
201.1449737548828,-25.66166877746582
201.9134521484375,4.577805519104004
202.68185424804688,-24.833986282348633
203.45021057128906,8.580520629882812
204.218505859375,-2.9000914096832275
204.9867401123047,-3.598325490951538
205.7549285888672,-30.39111328125
206.52304077148438,-27.22123146057129
207.29110717773438,-12.921744346618652
208.0591278076172,15.695920944213867
208.82708740234375,-31.52356719970703
209.59498596191406,1.3425030708312988
210.36285400390625,0.1355375051498413
211.13064575195312,-5.695924282073975
211.89840698242188,8.278328895568848
212.66610717773438,5.226321697235107
213.43374633789062,9.049600601196289
214.20135498046875,12.690546989440918
214.96890258789062,-18.493682861328125
215.7364044189453,-7.309994220733643
216.5038604736328,-21.638742446899414
217.27127075195312,2.5324819087982178
218.03863525390625,4.111880779266357
218.8059539794922,1.0406626462936401
219.57322692871094,-18.69940757751465
220.3404541015625,9.309440612792969
221.10763549804688,-3.0409951210021973
221.87477111816406,9.620161056518555
222.64186096191406,-21.106046676635742
223.40892028808594,0.5064272284507751
224.17593383789062,11.265494346618652
224.94290161132812,0.20083017647266388
225.70982360839844,-25.150522232055664
226.47671508789062,-7.323904514312744
227.24356079101562,0.004166930913925171
228.0103759765625,-31.948381423950195
228.77713012695312,-17.80460548400879
229.5438690185547,12.919708251953125
230.31056213378906,-24.954116821289062
231.07720947265625,-9.971353530883789
231.8438262939453,-8.783597946166992
232.6103973388672,22.78277015686035
233.37693786621094,-6.8193135261535645
234.14344787597656,14.142261505126953
234.909912109375,19.195770263671875
235.6763458251953,10.25748062133789
236.44273376464844,-6.7627739906311035
237.2091064453125,35.69428634643555
237.97543334960938,12.003347396850586
238.74172973632812,0.9192758798599243
239.5079803466797,-12.662391662597656
240.2742156982422,10.504083633422852
241.0404052734375,-5.113809585571289
241.8065643310547,26.2668514251709
242.57269287109375,7.632940292358398
243.3387908935547,20.5825252532959
244.10484313964844,0.13071347773075104
244.87088012695312,0.7637844085693359
245.6368865966797,-32.318180084228516
246.40284729003906,-19.691680908203125
247.16879272460938,-6.283982753753662
247.9346923828125,9.627790451049805
248.70057678222656,26.815654754638672
249.46641540527344,7.1846208572387695
250.23223876953125,-8.017967224121094
250.99803161621094,7.586941719055176
251.7637939453125,11.057204246520996
252.52952575683594,27.75813865661621
253.29522705078125,7.871798038482666
254.06089782714844,22.036785125732422
254.8265380859375,14.479077339172363
255.59214782714844,18.71678352355957
256.3577575683594,-24.496809005737305
257.123291015625,1.2077096700668335
257.8888244628906,-1.6718915700912476
258.65435791015625,9.1387939453125
259.4198303222656,-8.844399452209473
260.1852722167969,-15.432463645935059
260.9507141113281,15.58063793182373
261.7160949707031,-8.341944694519043
262.4814758300781,-1.0461204051971436
263.246826171875,17.42934226989746
264.01214599609375,-2.462683916091919
264.7774353027344,2.714395761489868
265.5426940917969,3.545940399169922
266.3079528808594,14.64238166809082
267.0731506347656,-19.21932601928711
267.8383483886719,19.92951011657715
268.603515625,-16.632505416870117
269.36865234375,6.355860233306885
270.1337890625,-16.883325576782227
270.89886474609375,12.585307121276855
271.6639404296875,-24.19586181640625
272.4289855957031,6.696137428283691
273.1940002441406,-29.347318649291992
273.958984375,6.5742411613464355
274.72393798828125,-14.447677612304688
275.4888916015625,-21.56426239013672
276.2538146972656,-7.109414577484131
277.0187072753906,5.620279312133789
277.7835693359375,-3.2771427631378174
278.5484313964844,23.678607940673828
279.313232421875,-11.330957412719727
280.0780334472656,13.11201286315918
280.8428039550781,-4.28926420211792
281.6075744628906,-10.847245216369629
282.3722839355469,-20.51053237915039
283.1369934082031,16.995241165161133
283.90167236328125,24.919876098632812
284.66632080078125,-21.203073501586914
285.43096923828125,-10.883703231811523
286.195556640625,-2.3043911457061768
286.96014404296875,5.8783745765686035
287.7247009277344,-6.2219462394714355
288.4892272949219,10.509356498718262
289.2537536621094,10.741487503051758
290.01824951171875,19.218210220336914
290.78271484375,-15.260724067687988
291.5471496582031,2.03352427482605
292.3115539550781,18.84856414794922
293.0759582519531,16.82806396484375
293.84033203125,-6.684695720672607
294.60467529296875,6.262236595153809
295.3689880371094,2.9954285621643066
296.13330078125,-33.66680908203125
296.8975830078125,3.7763776779174805
297.6618347167969,-18.949214935302734
298.4260559082031,34.187713623046875
299.1902770996094,-11.582908630371094
299.9544372558594,6.4309163093566895
300.7185974121094,-35.08653259277344
301.48272705078125,-2.9983649253845215
302.2468566894531,5.957076549530029
303.01092529296875,24.765031814575195
303.7749938964844,-11.358665466308594
304.5390319824219,-2.7286736965179443
305.30303955078125,-4.60590124130249
306.0670166015625,-14.464728355407715
306.83099365234375,-23.290943145751953
307.5949401855469,1.3083419799804688
308.3588562011719,-2.1950109004974365
309.12274169921875,-26.704370498657227
309.8865966796875,-21.020795822143555
310.65045166015625,-6.112456798553467
311.4142761230469,-18.920162200927734
312.1780700683594,17.401235580444336
312.94183349609375,-25.822179794311523
313.70556640625,27.079452514648438
314.46929931640625,10.682866096496582
315.23297119140625,-7.622530937194824
315.99664306640625,-18.92195701599121
316.7602844238281,13.6517915725708
317.52392578125,-5.23092794418335
318.2875061035156,5.654048442840576
319.0510559082031,-10.895256996154785
319.8146057128906,15.58641529083252
320.578125,-7.7757697105407715
321.34161376953125,9.668517112731934
322.1050720214844,-9.171402931213379
322.8685302734375,6.705224990844727
323.6319274902344,-28.701587677001953
324.39532470703125,5.755918025970459
325.15869140625,-11.09190559387207
325.9219970703125,-12.637937545776367
326.6853332519531,-36.40126419067383
327.4486083984375,-7.833486557006836
328.21185302734375,-8.972395896911621
328.9750671386719,-24.219642639160156
329.73828125,-8.846138000488281
330.50146484375,11.977991104125977
331.26458740234375,-34.45753860473633
332.0277099609375,-18.90950584411621
332.7908020019531,18.125991821289062
333.5538635253906,-27.559410095214844
334.3169250488281,-19.72163200378418
335.0799255371094,-12.791058540344238
335.8428955078125,-5.723857879638672
336.6058654785156,-24.161033630371094
337.3687744140625,-29.002805709838867
338.1316833496094,-9.363398551940918
338.89453125,-12.71500301361084
339.6573791503906,-16.620389938354492
340.4201965332031,-8.317601203918457
341.1829833984375,-12.707991600036621
341.94573974609375,-14.39215087890625
342.70843505859375,19.822246551513672
343.47113037109375,2.4169838428497314
344.2337951660156,-9.308037757873535
344.9964599609375,-15.700112342834473
345.7590637207031,23.910085678100586
346.5216369628906,-8.968021392822266
347.2841796875,-55.0963134765625
348.04669189453125,-24.190366744995117
348.8091735839844,-8.383451461791992
349.5716247558594,-14.674384117126465
350.33404541015625,-12.71707820892334
351.0964660644531,-19.17681312561035
351.85882568359375,1.3425030708312988
352.62115478515625,-12.202746391296387
353.3834533691406,1.3139513731002808
354.1457214355469,-2.2422966957092285
354.907958984375,-27.462554931640625
355.670166015625,-9.06163501739502
356.4323425292969,-15.850539207458496
357.1944885253906,-18.304841995239258
357.95660400390625,-23.858291625976562
358.71868896484375,-4.203444004058838
359.4807434082031,-25.22500228881836
360.2427673339844,-1.9441651105880737
361.0047607421875,9.847073554992676
361.7666931152344,-22.951801300048828
362.52862548828125,-11.067002296447754
363.2904968261719,9.752269744873047
364.0523681640625,20.72446060180664
364.8141784667969,-3.6586244106292725
365.5759582519531,-11.810461044311523
366.33770751953125,-15.365326881408691
367.09942626953125,12.42430591583252
367.8611145019531,-13.432036399841309
368.6227722167969,0.7213215827941895
369.3843994140625,-33.799720764160156
370.1459655761719,33.84602737426758
370.90753173828125,5.349843502044678
371.6690368652344,19.385276794433594
372.4305114746094,-18.414377212524414
373.19195556640625,16.27430534362793
373.953369140625,-21.1678524017334
374.7147521972656,21.133270263671875
375.47607421875,0.7011278867721558
376.2373962402344,8.281694412231445
376.9986572265625,-12.424127578735352
377.7598876953125,15.192543983459473
378.5210876464844,18.496366500854492
379.2822265625,-4.015087604522705
380.0433654785156,-24.02547836303711
380.804443359375,13.477662086486816
381.56549072265625,26.929487228393555
382.3265075683594,21.325586318969727
383.0874938964844,12.564943313598633
383.8484191894531,12.16524600982666
384.6093444824219,-2.0838356018066406
385.3702087402344,31.41390609741211
386.13104248046875,-8.61330795288086
386.8918151855469,13.958706855773926
387.652587890625,12.159411430358887
388.4132995605469,1.6991479396820068
389.1739501953125,-2.4633569717407227
389.9346008300781,29.89924430847168
390.6951904296875,-14.867886543273926
391.4557800292969,-4.955070972442627
392.2162780761719,-15.551313400268555
392.9767761230469,-24.06905746459961
393.7372131347656,8.5855131149292
394.49761962890625,18.635101318359375
395.25799560546875,-32.29541015625
396.018310546875,2.0122087001800537
396.7785949707031,-11.823641777038574
397.5388488769531,17.17571449279785
398.299072265625,-3.8384547233581543
399.0592346191406,8.671789169311523
399.8193664550781,-16.848888397216797
400.5794677734375,-7.59930944442749
401.3395080566406,9.652753829956055
402.0995178222656,35.203182220458984
402.8594665527344,10.519679069519043
403.6194152832031,15.305134773254395
404.3793029785156,-24.81962776184082
405.1391296386719,7.735652446746826
405.89892578125,-5.205799102783203
406.65869140625,-3.973748207092285
407.4184265136719,12.587383270263672
408.1781005859375,-8.177264213562012
408.937744140625,-3.5938942432403564
409.69732666015625,-3.111278533935547
410.4568786621094,-24.279932022094727
411.2164001464844,-21.46089744567871
411.9758605957031,-9.580745697021484
412.73529052734375,15.045284271240234
413.49468994140625,-9.70958423614502
414.2540283203125,18.322006225585938
415.0133361816406,-13.807601928710938
415.7725830078125,5.8364152908325195
416.53179931640625,-20.16672706604004
417.29095458984375,15.719594955444336
418.0500793457031,-4.304240703582764
418.8091735839844,2.7389650344848633
419.5682067871094,-13.050411224365234
420.32720947265625,-8.477121353149414
421.0861511230469,0.6796440482139587
421.8450622558594,31.236053466796875
422.60394287109375,24.421852111816406
423.3627624511719,-11.630135536193848
424.12152099609375,-12.073012351989746
424.8802795410156,26.733070373535156
425.6389465332031,8.029036521911621
426.3976135253906,9.52833080291748
427.15618896484375,-9.24858283996582
427.9147644042969,-0.14324620366096497
428.6732482910156,6.742809295654297
429.4317321777344,13.927290916442871
430.1901550292969,19.5520076751709
430.9485168457031,-2.680995225906372
431.70684814453125,29.027883529663086
432.4651184082031,0.06446725130081177
433.2233581542969,-7.160793304443359
433.9815673828125,9.996685028076172
434.7397155761719,-15.099360466003418
435.497802734375,-0.09169649332761765
436.255859375,-2.6494152545928955
437.01385498046875,19.787351608276367
437.7718200683594,-3.638206958770752
438.5297546386719,7.550142288208008
439.28759765625,-45.486289978027344
440.0454406738281,23.922147750854492
440.80322265625,3.9447181224823
441.5609436035156,35.215248107910156
442.3186340332031,-23.622682571411133
443.0762634277344,11.271496772766113
443.8338623046875,2.441833734512329
444.5914001464844,13.98871898651123
445.348876953125,-17.880826950073242
446.1063232421875,14.454898834228516
446.8637390136719,14.866047859191895
447.62109375,-0.3796229660511017
448.3783874511719,24.71330451965332
449.1356506347656,39.242740631103516
449.8928527832031,5.39146614074707
450.6500244140625,13.41898250579834
451.4071350097656,-1.8236782550811768
452.1642150878906,-5.583742141723633
452.9212341308594,-20.375085830688477
453.6781921386719,-13.095562934875488
454.43511962890625,-2.465376377105713
455.1919860839844,-3.5619218349456787
455.9488220214844,1.0931663513183594
456.7055969238281,23.793954849243164
457.4623107910156,11.15414047241211
458.218994140625,10.001172065734863
458.97564697265625,-6.51978874206543
459.7322082519531,1.8133553266525269
460.4887390136719,-16.19586753845215
461.2452392578125,16.150157928466797
462.0016784667969,4.204549312591553
462.758056640625,-2.2476255893707275
463.514404296875,-20.91148567199707
464.27069091796875,-13.865653038024902
465.02691650390625,-17.792997360229492
465.7831115722656,5.266878604888916
466.5392761230469,5.4532270431518555
467.29534912109375,4.215319633483887
468.0513916015625,-25.017379760742188
468.8074035644531,-8.68229866027832
469.5633544921875,3.015622615814209
470.3192443847656,5.072283744812012
471.0750732421875,3.9476912021636963
471.83087158203125,-5.705011367797852
472.58660888671875,-21.05181121826172
473.3423156738281,-34.18207550048828
474.09796142578125,-26.728092193603516
474.85357666015625,-28.76412010192871
475.6091003417969,3.877965211868286
476.3645935058594,-13.678375244140625
477.12005615234375,-2.8970065116882324
477.8754577636719,4.910617351531982
478.63079833984375,11.150045394897461
479.3860778808594,-12.157145500183105
480.1413269042969,-11.898576736450195
480.89654541015625,-11.710118293762207
481.65167236328125,-16.031139373779297
482.4067687988281,1.2492190599441528
483.16180419921875,-36.58817672729492
483.91680908203125,-19.871212005615234
484.6717529296875,1.1971640586853027
485.4266357421875,3.9138097763061523
486.1814880371094,-4.710399627685547
486.936279296875,-12.464399337768555
487.6910400390625,0.6307305097579956
488.4457092285156,11.18151569366455
489.2003479003906,-0.18206273019313812
489.9549560546875,20.940282821655273
490.70947265625,-29.796981811523438
491.4639892578125,-6.52057409286499
492.2184143066406,-27.69485092163086
492.9728088378906,-2.1828949451446533
493.7271423339844,-10.046682357788086
494.4814147949219,0.06856206059455872
495.23565673828125,13.657793998718262
495.9898376464844,21.167381286621094
496.74395751953125,-4.906944274902344
497.498046875,-11.968238830566406
498.2520751953125,-6.351404190063477
499.0060729980469,-18.380558013916016
499.7599792480469,-11.089999198913574
500.51385498046875,-15.51059341430664
501.2677001953125,-2.1284289360046387
502.021484375,-4.149539947509766
502.77520751953125,-7.607498645782471
503.52886962890625,-26.53152084350586
504.2825012207031,-3.866668939590454
505.03607177734375,2.2852747440338135
505.7895812988281,-14.790373802185059
506.5430603027344,-6.779601097106934
507.2964782714844,-31.52334213256836
508.0498352050781,-43.366943359375
508.80316162109375,-6.408616542816162
509.5564270019531,-2.438788414001465
510.30963134765625,-25.252370834350586
511.06280517578125,31.165809631347656
511.8158874511719,-21.290678024291992
512.5689697265625,-18.952356338500977
513.3219604492188,-3.876821517944336
514.074951171875,-30.770954132080078
514.8278198242188,-8.264708518981934
515.5806884765625,-12.841538429260254
516.33349609375,-1.3832944631576538
517.0862426757812,-17.860355377197266
517.8389282226562,-15.489561080932617
518.5916137695312,-5.552499294281006
519.3441772460938,-6.560847282409668
520.0967407226562,20.024938583374023
520.8492431640625,-6.939796447753906
521.6016845703125,-3.743771553039551
522.3540649414062,-23.881792068481445
523.1064453125,-11.951300621032715
523.8587036132812,-17.14328956604004
524.6109619140625,-23.707426071166992
525.3631591796875,-27.107999801635742
526.1152954101562,-16.48050880432129
526.8673706054688,29.58000946044922
527.619384765625,5.139710426330566
528.3713989257812,-27.128917694091797
529.1233520507812,2.7082254886627197
529.875244140625,-16.176069259643555
530.6270751953125,-18.09429359436035
531.3788452148438,-8.6904878616333
532.1305541992188,-16.612987518310547
532.8822631835938,-24.513242721557617
533.6338500976562,2.7822699546813965
534.3854370117188,-19.439687728881836
535.136962890625,-7.433393955230713
535.888427734375,14.132499694824219
536.639892578125,9.639739036560059
537.3912353515625,22.299509048461914
538.142578125,31.881656646728516
538.8938598632812,-14.6703462600708
539.6450805664062,8.9765625
540.396240234375,-2.2613120079040527
541.1473999023438,-0.6050611734390259
541.8984375,-19.712600708007812
542.6494750976562,8.927197456359863
543.4004516601562,8.257012367248535
544.1513671875,13.68393611907959
544.9022216796875,-11.471404075622559
545.6530151367188,26.7634220123291
546.40380859375,-17.755138397216797
547.154541015625,-7.507937908172607
547.9051513671875,31.904491424560547
548.6558227539062,-1.7641078233718872
549.4063720703125,-8.683645248413086
550.1568603515625,2.928844690322876
550.9073486328125,5.4967570304870605
551.6577758789062,3.2668137550354004
552.4081420898438,14.170198440551758
553.158447265625,15.113892555236816
553.90869140625,-7.233598709106445
554.658935546875,-5.2775959968566895
555.4090576171875,-21.543285369873047
556.1591796875,-2.4267847537994385
556.9092407226562,7.615326404571533
557.6592407226562,19.888219833374023
558.4092407226562,-9.77049732208252
559.1591186523438,5.054165363311768
559.9089965820312,-6.447656154632568
560.6588134765625,-1.1095054149627686
561.4085693359375,-4.051322937011719
562.1582641601562,2.537081718444824
562.907958984375,9.464941024780273
563.6575317382812,25.86139488220215
564.4071044921875,-13.922582626342773
565.1566162109375,6.737480163574219
565.9061279296875,-6.051036834716797
566.655517578125,-18.976642608642578
567.4048461914062,-3.395160436630249
568.1541748046875,20.693998336791992
568.9034423828125,-7.148285388946533
569.6526489257812,14.050652503967285
570.40185546875,-4.659356594085693
571.1509399414062,-1.9247009754180908
571.9000244140625,-9.418142318725586
572.6490478515625,4.360269069671631
573.3980102539062,-8.653693199157715
574.1469116210938,2.0229787826538086
574.8958129882812,12.790346145629883
575.6446533203125,24.01595115661621
576.3933715820312,8.509053230285645
577.1421508789062,5.286792278289795
577.8908081054688,11.820524215698242
578.639404296875,-2.158102035522461
579.3880004882812,-16.889720916748047
580.1365356445312,21.20272445678711
580.885009765625,-2.3460676670074463
581.6334228515625,0.8915656805038452
582.3818359375,-24.584749221801758
583.130126953125,28.67246437072754
583.87841796875,3.465500831604004
584.6266479492188,2.649214267730713
585.3748779296875,-2.083498954772949
586.1229858398438,14.959564208984375
586.87109375,-29.846614837646484
587.619140625,5.951915740966797
588.3671264648438,-9.605032920837402
589.1150512695312,13.36669921875
589.8629760742188,-25.62027931213379
590.61083984375,12.801397323608398
591.3585815429688,15.287126541137695
592.1063842773438,16.968931198120117
592.8540649414062,7.6577348709106445
593.6017456054688,17.039840698242188
594.3493041992188,-28.934778213500977
595.0968627929688,-13.627614974975586
595.8444213867188,-2.1295509338378906
596.5918579101562,14.050820350646973
597.3392944335938,-15.413226127624512
598.086669921875,-5.147576332092285
598.833984375,26.43415069580078
599.5812377929688,-11.426421165466309
600.3284301757812,6.455374240875244
601.0756225585938,10.963408470153809
601.82275390625,16.96943473815918
602.56982421875,30.85784912109375
603.31689453125,-5.751342296600342
604.0638427734375,7.282900810241699
604.810791015625,8.464176177978516
605.5576782226562,1.96441650390625
606.3045043945312,-17.724403381347656
607.0513305664062,17.887510299682617
607.798095703125,12.210797309875488
608.5447998046875,18.438974380493164
609.2914428710938,-1.1553893089294434
610.0380249023438,2.63474178314209
610.7846069335938,-17.293657302856445
611.5311279296875,23.388671875
612.277587890625,13.670191764831543
613.0239868164062,12.358614921569824
613.7703857421875,-11.703388214111328
614.5166625976562,-5.0240631103515625
615.262939453125,1.4526152610778809
616.0092163085938,-6.734167575836182
616.75537109375,5.967061519622803
617.5015258789062,-1.2225885391235352
618.2476196289062,-17.474817276000977
618.99365234375,7.657846927642822
619.7396240234375,5.176060199737549
620.485595703125,9.332609176635742
621.2315063476562,-11.176263809204102
621.9773559570312,2.7469305992126465
622.72314453125,15.13694953918457
623.4689331054688,9.626725196838379
624.2146606445312,4.211224555969238
624.9603271484375,30.960128784179688
625.7059326171875,2.316575288772583
626.4514770507812,4.032955169677734
627.197021484375,-15.930519104003906
627.9425048828125,9.424102783203125
628.6879272460938,12.279293060302734
629.433349609375,11.795673370361328
630.1787109375,-4.444638252258301
630.9240112304688,22.037120819091797
631.6692504882812,-23.847244262695312
632.4144287109375,4.300078868865967
633.1596069335938,-18.546403884887695
633.9047241210938,-0.5876722931861877
634.6497802734375,-18.639339447021484
635.3948364257812,-4.159580230712891
636.1397705078125,-32.3028678894043
636.8847045898438,11.333259582519531
637.6295776367188,7.58234167098999
638.3744506835938,5.190981388092041
639.1192016601562,7.331704616546631
639.8639526367188,18.04475975036621
640.608642578125,14.751830101013184
641.3533325195312,20.410913467407227
642.097900390625,-16.859209060668945
642.8424682617188,-14.361863136291504
643.5869750976562,-3.816410541534424
644.3314819335938,-12.465296745300293
645.0758666992188,1.8210963010787964
645.8202514648438,26.972856521606445
646.5646362304688,2.8428518772125244
647.3088989257812,-10.152186393737793
648.0531616210938,-8.875584602355957
648.7973022460938,5.425235748291016
649.54150390625,0.434964120388031
650.2855834960938,-6.048737525939941
651.0296630859375,-12.333712577819824
651.7736206054688,38.862945556640625
652.5176391601562,-7.206114768981934
653.2615356445312,-22.916748046875
654.0054321289062,-14.790093421936035
654.7492065429688,18.508033752441406
655.4930419921875,-8.271159172058105
656.2367553710938,38.95765686035156
656.98046875,-5.356123924255371
657.7240600585938,20.69455909729004
658.4677124023438,-5.380018711090088
659.2112426757812,14.370526313781738
659.9547729492188,5.80286979675293
660.6982421875,10.012840270996094
661.441650390625,17.605159759521484
662.1849975585938,2.9173452854156494
662.9283447265625,7.340118885040283
663.671630859375,30.098583221435547
664.4148559570312,0.21317072212696075
665.1580200195312,14.821168899536133
665.9011840820312,-25.027923583984375
666.644287109375,-0.9743775725364685
667.3873291015625,-7.471983909606934
668.1303100585938,-9.207076072692871
668.873291015625,4.445981979370117
669.6162109375,21.500341415405273
670.3590698242188,2.3595995903015137
671.1018676757812,-7.8716840744018555
671.8446655273438,-25.18450927734375
672.58740234375,15.318037033081055
673.330078125,-6.631072998046875
674.07275390625,13.457409858703613
674.8153076171875,0.5391297340393066
675.557861328125,-26.251497268676758
676.3003540039062,1.4885714054107666
677.0428466796875,-11.976820945739746
677.7852172851562,-22.852922439575195
678.527587890625,-19.765939712524414
679.2698974609375,-16.617530822753906
680.01220703125,-10.761652946472168
680.7544555664062,-4.018789768218994
681.49658203125,-18.59233856201172
682.23876953125,-28.26728630065918
682.9808349609375,-17.50291633605957
683.722900390625,-16.681806564331055
684.46484375,-30.329086303710938
685.2068481445312,-36.934017181396484
685.94873046875,-10.226112365722656
686.6906127929688,3.1885619163513184
687.432373046875,-6.793623924255371
688.1741943359375,-9.317572593688965
688.9158935546875,17.211225509643555
689.6575317382812,14.297037124633789
690.399169921875,0.8560023307800293
691.1407470703125,-9.096634864807129
691.88232421875,-18.06624984741211
692.623779296875,-20.64261245727539
693.365234375,-4.1702375411987305
694.1066284179688,13.470537185668945
694.8479614257812,-10.345470428466797
695.5892944335938,7.140248775482178
696.33056640625,8.178140640258789
697.07177734375,-1.0960431098937988
697.8129272460938,-14.079572677612305
698.5540161132812,-23.997100830078125
699.2951049804688,-15.175919532775879
700.0361328125,-6.372830867767334
700.777099609375,-11.712137222290039
701.5180053710938,-26.52294158935547
702.2589111328125,-9.378654479980469
702.999755859375,-11.647411346435547
703.7405395507812,14.800748825073242
704.4812622070312,10.728641510009766
705.2219848632812,11.915834426879883
705.9625854492188,-12.755162239074707
706.7031860351562,19.61276626586914
707.4437255859375,-13.330460548400879
708.1842651367188,19.848613739013672
708.9247436523438,-17.111095428466797
709.6651000976562,10.708221435546875
710.4054565429688,-4.549978256225586
711.1458129882812,-21.672786712646484
711.8860473632812,-13.34823989868164
712.6262817382812,1.0098671913146973
713.366455078125,-34.95839309692383
714.1065673828125,-4.793863773345947
714.8466796875,-16.96431541442871
715.586669921875,-38.701904296875
716.32666015625,-8.992308616638184
717.0665893554688,-20.933359146118164
717.8064575195312,-8.049322128295898
718.5463256835938,0.00781299639493227
719.2860717773438,-27.29262351989746
720.0258178710938,-11.922638893127441
720.7655029296875,-16.597675323486328
721.505126953125,-28.594806671142578
722.2447509765625,-18.31011390686035
722.9843139648438,12.358447074890137
723.7237548828125,-28.203014373779297
724.4632568359375,-8.9431734085083
725.20263671875,-24.83993148803711
725.9419555664062,26.94154930114746
726.6812744140625,-48.09385299682617
727.4205322265625,-20.516645431518555
728.1597290039062,-13.10089111328125
728.8988647460938,5.023032188415527
729.6380004882812,-18.523969650268555
730.3770141601562,-15.216190338134766
731.1160278320312,-10.837709426879883
731.85498046875,14.479639053344727
732.5938720703125,-4.088006973266602
733.3327026367188,-6.574253082275391
734.071533203125,4.0055251121521
734.810302734375,2.471283197402954
735.5490112304688,-25.434249877929688
736.2876586914062,6.139106750488281
737.0262451171875,10.471210479736328
737.7647705078125,-9.974831581115723
738.5032958984375,-9.353134155273438
739.2417602539062,-22.115297317504883
739.9801635742188,-19.171091079711914
740.718505859375,-14.22568130493164
741.456787109375,8.373019218444824
742.1950073242188,-11.95567512512207
742.9332275390625,-21.764766693115234
743.67138671875,-29.16903305053711
744.4094848632812,-2.5214126110076904
745.1475219726562,13.871360778808594
745.885498046875,-10.825594902038574
746.6234130859375,13.924822807312012
747.361328125,-15.300209999084473
748.0991821289062,-7.951500415802002
748.8369140625,-13.611910820007324
749.5746459960938,2.754166603088379
750.3123779296875,-11.215301513671875
751.0499877929688,-12.558852195739746
751.7875366210938,-27.360597610473633
752.5250854492188,-7.712050914764404
753.2625122070312,-13.480159759521484
753.9999389648438,-6.128442764282227
754.7373046875,-27.65396499633789
755.474609375,-27.554250717163086
756.2119140625,-17.924518585205078
756.9490966796875,-9.416459083557129
757.6862182617188,-20.159940719604492
758.42333984375,-18.520998001098633
759.160400390625,-18.109661102294922
759.8973999023438,-13.03695011138916
760.6343383789062,-14.107224464416504
761.3712158203125,-19.911088943481445
762.1080322265625,-32.56190872192383
762.8447875976562,-0.9537353515625
763.58154296875,7.9444427490234375
764.3181762695312,5.791762828826904
765.0548095703125,18.82432746887207
765.7913818359375,2.6787760257720947
766.52783203125,-9.968549728393555
767.2642822265625,3.782548189163208
768.0006713867188,-10.162001609802246
768.737060546875,-1.5348010063171387
769.4733276367188,-1.8075796365737915
770.2095336914062,6.963265895843506
770.9457397460938,-4.9357194900512695
771.6818237304688,-8.101093292236328
772.4179077148438,11.268635749816895
773.1538696289062,1.6497292518615723
773.8898315429688,-2.569427490234375
774.625732421875,-23.750947952270508
775.361572265625,-24.864158630371094
776.0973510742188,-8.682915687561035
776.8330688476562,-11.602483749389648
777.5687255859375,13.92089557647705
778.3043823242188,-3.446091890335083
779.0399169921875,-3.635570526123047
779.775390625,-19.962350845336914
780.5108642578125,-14.512626647949219
781.2462158203125,-22.615461349487305
781.9815673828125,-17.621540069580078
782.716796875,-16.109325408935547
783.4520263671875,8.753578186035156
784.1871948242188,0.9444619417190552
784.9223022460938,11.1461181640625
785.6572875976562,-6.725473880767822
786.3922729492188,6.273175239562988
787.127197265625,10.179449081420898
787.862060546875,3.1413304805755615
788.5968627929688,-8.599846839904785
789.3316040039062,7.947472095489502
790.0662841796875,16.652976989746094
790.8009033203125,-25.979942321777344
791.5355224609375,-10.583456993103027
792.27001953125,-7.6718339920043945
793.0044555664062,-11.398096084594727
793.7388305664062,-0.4140080511569977
794.4732055664062,11.312896728515625
795.2074584960938,9.41955852508545
795.941650390625,6.538957118988037
796.67578125,4.168929100036621
797.409912109375,-18.503217697143555
798.1439208984375,8.442523002624512
798.8778686523438,-9.179479598999023
799.61181640625,0.9154615998268127
800.3456420898438,-5.477673530578613
801.0794677734375,12.495213508605957
801.8131713867188,-6.900925636291504
802.5468139648438,-35.36642837524414
803.2804565429688,-35.32694625854492
804.0139770507812,-14.318339347839355
804.7474365234375,24.463647842407227
805.4808959960938,-12.97962760925293
806.2142333984375,-19.73537254333496
806.947509765625,17.72291374206543
807.6807861328125,17.5101261138916
808.4139404296875,1.1287858486175537
809.1470336914062,15.111929893493652
809.880126953125,4.618249893188477
810.6130981445312,-9.594095230102539
811.3460083007812,5.462034225463867
812.078857421875,4.248359680175781
812.8116455078125,-28.098308563232422
813.54443359375,-26.63920021057129
814.277099609375,-13.590764999389648
815.0097045898438,-19.754159927368164
815.7422485351562,-11.73098373413086
816.4747314453125,15.793085098266602
817.2071533203125,4.280501842498779
817.9395141601562,2.131296396255493
818.6717529296875,5.163326740264893
819.4039916992188,-13.140937805175781
820.1361694335938,3.56630277633667
820.8682861328125,-16.959379196166992
821.6002807617188,-15.185903549194336
822.332275390625,11.80532169342041
823.0641479492188,5.023593425750732
823.7960205078125,-20.61479377746582
824.5277709960938,-10.14859676361084
825.259521484375,-24.726978302001953
825.9911499023438,5.445093154907227
826.7227172851562,-16.8877010345459
827.4542236328125,-2.943450689315796
828.1857299804688,-16.597562789916992
828.9171142578125,-0.18346504867076874
829.6483764648438,-5.350009918212891
830.379638671875,-9.269896507263184
831.11083984375,3.02897310256958
831.8419799804688,-4.081051826477051
832.5730590820312,24.49125099182129
833.3040161132812,25.488309860229492
834.0349731445312,-8.05835247039795
834.7658081054688,-13.851799011230469
835.49658203125,2.4625325202941895
836.2273559570312,-10.087234497070312
836.9580078125,-8.070019721984863
837.6885986328125,-18.845006942749023
838.4191284179688,-21.725675582885742
839.1495971679688,4.451030731201172
839.8799438476562,3.413557291030884
840.6102905273438,2.1295573711395264
841.340576171875,5.883535385131836
842.0707397460938,-26.556198120117188
842.8008422851562,-17.791706085205078
843.5309448242188,12.948205947875977
844.2609252929688,-13.647414207458496
844.9908447265625,-11.5520601272583
845.720703125,-32.72050476074219
846.4505004882812,-3.693849802017212
847.1802368164062,-32.014949798583984
847.9098510742188,-9.176563262939453
848.6394653320312,-15.545031547546387
849.3689575195312,-6.341139316558838
850.0984497070312,-21.307952880859375
850.8278198242188,-23.548931121826172
851.55712890625,-23.817630767822266
852.286376953125,3.1012227535247803
853.0155639648438,-29.941898345947266
853.7446899414062,-10.964415550231934
854.4736938476562,-12.271735191345215
855.2026977539062,-2.0545551776885986
855.9315795898438,-16.170459747314453
856.6604614257812,-9.9420747756958
857.3892211914062,-34.369327545166016
858.117919921875,-21.87250518798828
858.8465576171875,-14.220465660095215
859.5751342773438,-18.97383689880371
860.3035888671875,-0.09068681299686432
861.0320434570312,1.325001835823059
861.7603759765625,1.5088773965835571
862.4887084960938,-11.42771053314209
863.2169189453125,-21.331844329833984
863.945068359375,-16.63441276550293
864.6731567382812,-9.03274917602539
865.4011840820312,-8.421592712402344
866.129150390625,-15.867253303527832
866.8569946289062,-30.090009689331055
867.5848388671875,7.393185615539551
868.3125610351562,-4.47986364364624
869.0402221679688,-29.627166748046875
869.7678833007812,8.518589973449707
870.4954223632812,-17.608976364135742
871.222900390625,14.132219314575195
871.9502563476562,-28.948686599731445
872.6776123046875,-12.659026145935059
873.4049072265625,-11.1796293258667
874.132080078125,15.647059440612793
874.8591918945312,-88.03902435302734
875.5863037109375,12.646173477172852
876.3132934570312,-39.478309631347656
877.0402221679688,-21.716421127319336
877.7670288085938,-9.082332611083984
878.4938354492188,-6.192049503326416
879.2205810546875,-1.3854820728302002
879.9472045898438,-17.54144859313965
880.673828125,-15.065539360046387
881.4003295898438,-29.94301986694336
882.1267700195312,3.7048568725585938
882.8531494140625,-7.863158226013184
883.5794677734375,-26.953433990478516
884.3057250976562,-7.290586948394775
885.0319213867188,-33.11957550048828
885.758056640625,-2.108123540878296
886.4840698242188,3.0024964809417725
887.2100830078125,41.364933013916016
887.9359741210938,12.739128112792969
888.6618041992188,8.658045768737793
889.3876342773438,8.163723945617676
890.1133422851562,1.7656192779541016
890.8389892578125,-6.50374698638916
891.5645751953125,-13.118839263916016
892.2900390625,-17.85048484802246
893.0155029296875,21.1947021484375
893.7409057617188,-3.8781116008758545
894.4662475585938,19.81484031677246
895.1914672851562,8.987894058227539
895.9166870117188,-1.1148903369903564
896.6417846679688,-32.99428939819336
897.3668212890625,23.159719467163086
898.0918579101562,8.612607955932617
898.8167724609375,5.802084445953369
899.5416259765625,9.588129997253418
900.2664184570312,10.586321830749512
900.9911499023438,-3.5242841243743896
901.7158203125,-13.882984161376953
902.4404296875,-25.78426742553711
903.1649780273438,-10.128179550170898
903.8894653320312,-1.1314376592636108
904.6138916015625,-22.0101375579834
905.3382568359375,-0.8041353225708008
906.0625,-27.620765686035156
906.7867431640625,-4.422537803649902
907.5109252929688,-31.436023712158203
908.2350463867188,12.981921195983887
908.9590454101562,-14.28474235534668
909.6830444335938,-14.173632621765137
910.406982421875,-25.029438018798828
911.130859375,8.06140422821045
911.8546142578125,7.581612586975098
912.578369140625,7.563381195068359
913.3020629882812,-5.921186447143555
914.0256958007812,-11.561370849609375
914.7492065429688,-12.311614036560059
915.4727172851562,-14.329780578613281
916.1961669921875,-25.20217514038086
916.9195556640625,0.9239877462387085
917.6428833007812,8.322139739990234
918.3661499023438,4.7150139808654785
919.08935546875,-0.3381701111793518
919.8125,3.2930099964141846
920.53564453125,-3.5985498428344727
921.2586669921875,-18.024465560913086
921.9816284179688,13.193018913269043
922.70458984375,-2.156026601791382
923.4274291992188,7.594178199768066
924.1502685546875,-15.729222297668457
924.873046875,8.100166320800781
925.5957641601562,-18.173093795776367
926.3184204101562,2.7480523586273193
927.041015625,-1.7795894145965576
927.7635498046875,34.36304473876953
928.486083984375,27.861705780029297
929.20849609375,14.196395874023438
929.930908203125,7.292661666870117
930.6532592773438,-0.4729619324207306
931.3755493164062,0.6722397208213806
932.0977783203125,0.5403077006340027
932.8200073242188,-45.11602020263672
933.5421752929688,-18.095247268676758
934.2642822265625,-12.04519271850586
934.986328125,0.6356106400489807
935.7083129882812,9.468362808227539
936.4302978515625,13.965045928955078
937.1521606445312,7.0675482749938965
937.8740234375,20.1259765625
938.5958862304688,-0.09270617365837097
939.317626953125,-10.669105529785156
940.0393676757812,-12.825048446655273
940.7610473632812,-15.550135612487793
941.4827270507812,21.852771759033203
942.2042846679688,-7.639975070953369
942.9258422851562,-0.6668757200241089
943.6473999023438,-16.653257369995117
944.368896484375,-28.414445877075195
945.09033203125,-11.008781433105469
945.8117065429688,-0.28897640109062195
946.5330810546875,13.368999481201172
947.25439453125,10.647019386291504
947.9757080078125,-36.561092376708984
948.6969604492188,-34.316104888916016
949.4181518554688,-8.990457534790039
950.1393432617188,3.704688787460327
950.8604736328125,13.414270401000977
951.5816040039062,2.5765721797943115
952.3026733398438,-12.20022201538086
953.0237426757812,3.7543885707855225
953.7447509765625,7.620711326599121
954.4656982421875,4.708674907684326
955.1866455078125,-0.9682634472846985
955.9075927734375,-51.66830062866211
956.6284790039062,-4.167994022369385
957.349365234375,-11.2018404006958
958.0701904296875,0.2777903079986572
958.791015625,5.75631046295166
959.5118408203125,5.649505138397217
960.2326049804688,-20.366952896118164
960.9533081054688,-0.5496411919593811
961.674072265625,-14.24587345123291
962.394775390625,-8.978453636169434
963.1154174804688,9.50499439239502
963.8361206054688,-3.891124963760376
964.5567626953125,-20.341041564941406
965.27734375,26.648408889770508
965.9979858398438,-5.529445648193359
966.7185668945312,-1.215745210647583
967.4391479492188,-12.450714111328125
968.15966796875,13.766288757324219
968.8802490234375,19.20906639099121
969.6007690429688,17.46333885192871
970.3212890625,-0.26788535714149475
971.0418090820312,5.06342077255249
971.7623291015625,-10.270198822021484
972.4828491210938,-28.128873825073242
973.2033081054688,-14.685937881469727
973.9237670898438,14.378941535949707
974.644287109375,14.865598678588867
975.36474609375,-14.883479118347168
976.085205078125,-33.408836364746094
976.8057250976562,11.966883659362793
977.5261840820312,-3.2054572105407715
978.2466430664062,36.986427307128906
978.9671020507812,-2.0470387935638428
979.6876220703125,-10.875401496887207
980.4080810546875,-6.901542663574219
981.1286010742188,-4.886527061462402
981.8490600585938,14.033430099487305
982.569580078125,2.495908498764038
983.2901000976562,-8.06283950805664
984.0106201171875,13.881794929504395
984.7311401367188,-3.6865017414093018
985.45166015625,32.24953842163086
986.1722412109375,8.266491889953613
986.892822265625,4.613313674926758
987.6134033203125,22.32290267944336
988.3340454101562,-6.616152763366699
989.0546875,-4.681456565856934
989.7753295898438,-0.45366591215133667
990.4960327148438,21.062023162841797
991.2167358398438,6.918501377105713
991.9374389648438,-2.3125805854797363
992.658203125,-15.409467697143555
993.3789672851562,9.764723777770996
994.0997924804688,-11.835420608520508
994.8206176757812,-9.580634117126465
995.54150390625,1.0151960849761963
996.2623901367188,-15.330833435058594
996.9833374023438,-19.7625732421875
997.704345703125,15.550456047058105
998.4253540039062,-31.85506248474121
999.1464233398438,-10.00545597076416
999.8674926757812,5.769773483276367
1000.5886840820312,-0.6386048197746277
1001.3098754882812,-9.769543647766113
1002.0310668945312,-27.410903930664062
1002.7523803710938,9.286160469055176
1003.4736938476562,-12.930830955505371
1004.1951293945312,-2.3535280227661133
1004.9165649414062,-13.022815704345703
1005.6380615234375,-9.03117847442627
1006.359619140625,6.504682540893555
1007.0812377929688,-17.60247039794922
1007.8029174804688,-6.661362171173096
1008.5245971679688,-1.2425014972686768
1009.2463989257812,2.6123602390289307
1009.9683227539062,-15.867814064025879
1010.6902465820312,-7.1201276779174805
1011.4122314453125,-31.56501007080078
1012.1343383789062,-0.33340218663215637
1012.8564453125,14.788351058959961
1013.5786743164062,-12.134822845458984
1014.3009643554688,-2.135777235031128
1015.0233764648438,-1.102325439453125
1015.745849609375,14.809443473815918
1016.4683837890625,18.181081771850586
1017.1909790039062,-40.121971130371094
1017.9136962890625,2.023876190185547
1018.6365356445312,-38.66904067993164
1019.3594360351562,-13.939689636230469
1020.0823974609375,2.0873186588287354
1020.8054809570312,20.116830825805664
1021.5286865234375,-20.296621322631836
1022.251953125,7.567251682281494
1022.975341796875,-11.876029014587402
1023.6988525390625,-10.081289291381836
1024.4224853515625,-1.2329096794128418
1025.1461181640625,-11.524576187133789
1025.8699951171875,-30.088720321655273
1026.5938720703125,-10.730074882507324
1027.3179931640625,-11.618693351745605
1028.0421142578125,-17.870059967041016
1028.766357421875,-20.634031295776367
1029.4908447265625,-5.746686935424805
1030.21533203125,-10.789024353027344
1030.93994140625,-40.35413360595703
1031.664794921875,6.742865085601807
1032.3896484375,-6.650256156921387
1033.11474609375,10.342972755432129
1033.8399658203125,-2.3544254302978516
1034.5653076171875,4.868658542633057
1035.290771484375,-4.134787559509277
1036.016357421875,-8.400838851928711
1036.7421875,-50.58159255981445
1037.468017578125,24.49349594116211
1038.194091796875,-11.091120719909668
1038.9202880859375,-22.990049362182617
1039.646728515625,-22.9215145111084
1040.373291015625,8.046594619750977
1041.0999755859375,3.4593303203582764
1041.8267822265625,-16.368560791015625
1042.5538330078125,-36.04628372192383
1043.281005859375,30.543663024902344
1044.0084228515625,-19.438621520996094
1044.7359619140625,1.504109501838684
1045.4637451171875,-13.035828590393066
1046.191650390625,11.347564697265625
1046.919677734375,-8.263418197631836
1047.6480712890625,12.387505531311035
1048.37646484375,16.208724975585938
1049.105224609375,3.834716320037842
1049.8341064453125,7.660764217376709
1050.5631103515625,20.214614868164062
1051.2923583984375,-8.32893180847168
1052.0218505859375,-22.558422088623047
1052.7515869140625,-5.637365341186523
1053.4814453125,17.42911720275879
1054.2115478515625,-11.96352767944336
1054.94189453125,3.1043641567230225
1055.6724853515625,1.2906162738800049
1056.4033203125,4.108346939086914
1057.13427734375,-0.40744516253471375
1057.865478515625,-17.536624908447266
1058.5970458984375,-15.45882511138916
1059.3287353515625,-2.0886595249176025
1060.0606689453125,-27.466089248657227
1060.7928466796875,-3.415465831756592
1061.5252685546875,-6.563539505004883
1062.258056640625,10.683146476745605
1062.990966796875,0.7563800811767578
1063.72412109375,13.339266777038574
1064.4576416015625,-12.916023254394531
1065.19140625,8.954123497009277
1065.9254150390625,-0.8492341041564941
1066.65966796875,5.000594139099121
1067.394287109375,35.1776008605957
1068.1290283203125,-22.772441864013672
1068.8641357421875,2.49013090133667
1069.599609375,-4.719374656677246
1070.3353271484375,-1.3393738269805908
1071.0712890625,7.194830417633057
1071.8076171875,0.5219090580940247
1072.544189453125,2.2591350078582764
1073.281005859375,-19.382535934448242
1074.018310546875,2.5595755577087402
1074.7557373046875,15.200958251953125
1075.49365234375,-0.3531470000743866
1076.2318115234375,19.55778694152832
1076.97021484375,8.42277717590332
1077.7091064453125,7.889524459838867
1078.4482421875,-6.447207450866699
1079.187744140625,-39.86547088623047
1079.927490234375,9.163533210754395
1080.667724609375,-9.183070182800293
1081.408203125,-6.263341426849365
1082.149169921875,4.383548259735107
1082.890380859375,15.036027908325195
1083.6319580078125,3.604391098022461
1084.3739013671875,-17.695125579833984
1085.1162109375,2.9278910160064697
1085.8590087890625,21.521211624145508
1086.60205078125,7.875051975250244
1087.345458984375,14.913002014160156
1088.08935546875,19.001718521118164
1088.8336181640625,-0.8142321109771729
1089.5782470703125,-3.865771532058716
1090.3233642578125,1.6017128229141235
1091.06884765625,-10.667759895324707
1091.814697265625,7.06255578994751
1092.5609130859375,5.809152603149414
1093.3076171875,-4.827406883239746
1094.0548095703125,12.822097778320312
1094.8023681640625,-4.148922920227051
1095.5504150390625,-22.80003547668457
1096.298828125,7.48619270324707
1097.0477294921875,-2.977498769760132
1097.7969970703125,1.4595708847045898
1098.546875,2.0004289150238037
1099.297119140625,17.881227493286133
1100.0477294921875,-23.41236686706543
