Step Position,Peak Wavelength (nm),Peak Intensity
0,632.6271,46.01
5000,347.5740,64.57
10000,576.2816,46.46
15000,757.4562,43.48
20000,239.1280,47.94
25000,526.8612,68.09
30000,268.2473,87.73
35000,391.6339,58.95
40000,348.8842,57.46
45000,561.6898,77.71
50000,481.7997,40.97
55000,733.3012,55.84
60000,246.7583,27.29
65000,679.1702,59.22
70000,612.8781,38.67
75000,631.8335,33.42
80000,210.9863,22.25
85000,553.2965,78.50
90000,679.1702,49.97
95000,229.8313,51.57
100000,370.0599,58.14
105000,601.9034,28.48
110000,583.2346,66.39
115000,706.9060,30.18
120000,686.4803,28.45
125000,771.7161,32.47
130000,725.0231,71.83
135000,514.9158,67.75
140000,702.8069,39.80
145000,317.2410,43.98
150000,341.6978,40.29
155000,634.2154,46.54
160000,758.2930,44.30
165000,756.6196,77.49
170000,203.1256,46.94
175000,496.4297,40.21
180000,273.7017,96.99
185000,725.0231,55.59
190000,614.4509,55.41
195000,429.6293,57.43
200000,441.6035,147.16
205000,452.2580,205.87
210000,462.2767,264.52
215000,473.0903,342.47
220000,483.9851,523.12
225000,495.6948,620.64
230000,506.0152,750.97
235000,516.4042,842.66
240000,526.8612,938.80
245000,538.1398,1167.61
250000,548.7354,1334.68
255000,559.3968,1608.90
260000,570.1232,1855.82
265000,580.9140,2274.03
270000,591.7683,2397.54
275000,601.9034,2639.21
280000,612.8781,2692.43
285000,623.1235,2987.73
290000,633.4211,3637.05
295000,643.7701,3967.87
300000,654.1699,4414.99
305000,664.6198,4717.28
310000,675.1190,5027.47
315000,685.6670,5265.46
320000,695.4461,5574.63
325000,706.0856,5825.99
330000,715.9481,5839.29
335000,726.6766,5628.68
340000,736.6199,5686.80
345000,746.6011,5663.52
350000,756.6196,5507.83
355000,766.6749,5396.85
360000,776.7662,5030.27
365000,786.8931,4992.06
370000,797.0549,4583.10
375000,800.4498,488.67
380000,799.6007,43.00
385000,541.9163,36.66
390000,418.4580,35.83
395000,547.2177,53.15
400000,427.5274,90.88
405000,764.9965,50.49
410000,438.0706,71.77
415000,443.7278,44.96
420000,791.9697,63.10
425000,452.9713,63.62
430000,455.8279,98.08
435000,461.5587,58.04
440000,467.3129,99.20
445000,470.9211,104.01
450000,475.2628,89.17
455000,479.6175,105.58
460000,483.9851,130.10
465000,489.8286,152.03
470000,493.4923,167.94
475000,497.9005,173.88
480000,502.3214,158.48
485000,506.7550,149.33
490000,511.9434,204.14
495000,516.4042,187.69
500000,520.1310,157.87
505000,523.1188,165.48
510000,529.1108,137.55
515000,533.6191,165.70
520000,538.1398,206.99
525000,541.9163,189.60
530000,546.4594,212.12
535000,551.0145,220.90
540000,554.0579,199.93
545000,559.3968,216.78
